MD5,label
60800d79515ef757d4479d7d58817bf9,malware
33d87739a568c0bfe7245a2d3f3fabc8,malware
5026f33febcb4144c11b2a804409e732,malware
373d6f33aed83079ea279887f4d38871,malware
0d1f1e3f96ca133d385bdc2bfe2c2a7b,malware
7f1eec59931b323c2ccf2a7e425b01e3,malware
262b5a232b15320ace8d75bc428ab308,malware
6df1c27e8cc74003b357866a6ef6f040,malware
b5f700dd65d149718951258f4970b226,malware
e79845ea6c24c1f2e79cba6648a8f793,malware
5e658e4c9543058e8375d281a51cd3c2,malware
2d4af526fd0f8b59f6411c3388ef667d,malware
931fae0f19ad913b16980abf0b54aed1,malware
944051786d60b086e659476b586905a8,malware
84e08aff108c2fb6b180d263213290ff,malware
12ec4f36b31b149e3a6fa865387ddf90,malware
03bd5815e6234e00ec92186bf131516d,malware
ab398e68cf5613b8725bf1c67c95182c,malware
8694af91bc5638f8796042a20e616e7f,malware
34fd301d375917e1ffaf07fbaffc0a32,malware
03c1087561157054e1980b144578d823,malware
ff5bc78ec9dcb0720e2585ee83f853da,malware
3aeb4bf9b26ed342e8ed948b1f5ca8b0,malware
23621f07706600faca39ad495110f737,malware
530a2fa134c3543263181e7a9e82c374,malware
c0b77f48e9f7d96f58b1e013434f625c,malware
deb150b0a97431abcaa46b7e37eb6a85,malware
588cfa757e8ac5b0584df28d5ab3cb01,malware
5e7fc05f1e2217236e581bcb0e441fe2,malware
f88d2694c9e1c9534843e23a9cc2f3da,malware
106ec136038f5b8d66fcd7a2fdad94ad,benignware
bd68431f3c263547d9747f8992008ba2,benignware
ea0dfe7824a1f3bb079e8585b476aba6,benignware
fdacfdfd84a149beb34e06af70af1dd0,benignware
aeb1056e41b295bdecd79255bd6787e2,benignware
fcb8d9170236d0a5779868968b05af2a,benignware
e7f28d0455ded7b4a581ce9f6eefa91b,benignware
a9f800a8fcfedde32620a6eb342be0e3,benignware
c41f9ddd5f68693ca52acfdf01a1a766,benignware
a92abcb1bae48a07f5282c72548676d1,benignware
4e18fed14769ab5df284626cff45b662,benignware
2f7b70fc65d60a0567665bb3731ee823,benignware
3cc2cac977edd0dcaa2a825f09e0621b,benignware
8dd481b660b5c67a56584c0131bdc773,benignware
099b4d62f78f8d7d7a02a728787ff3ec,benignware
bc1d82440a0899de110bd12bc3fab31c,benignware
cd455e8b9ae627aa9eebc46f9b2e120e,benignware
ef836c173504e90f4524d3dbbc82d67c,benignware
b9cb6fba977b05c3759ce3576ebb9e9f,benignware
3618b050323dcc2f960c316d83f76a01,benignware
90004228edfd065c2a08a95468e7f475,benignware
afaa8c2b00f0baa3b3c0646b8c876d95,benignware
c78773962d8abdaca91690ed90dd1077,benignware
86b9c32918048eb49b3d967b7b2f25f0,benignware
3f7103542edc29b108e7ff9cca270ab0,benignware
a9123dc3bd4eb4eae3a93bcb190558b6,benignware
dbc713a3bf658091bd21938f52865faf,benignware
0f61cded9f2119dc141935e3b7529287,benignware
109ea045ca5d2a3ebec6695fae12f005,benignware
f64be437f7da2f91f03a7c536f305c47,benignware
